model,MAE,RMSE,MASE,Bias
gradient_boosting,1.9643901172989888,2.6179912823890312,1.4245522097408385,1.2571415071594152
random_forest,2.0276425249551067,2.6775160812120564,1.4704220989774257,1.1099761085821607
seasonal_naive,2.3185205853174606,3.0067608119599956,1.681363388085556,1.7317507058913308
sarimax,2.8669242888225552,3.537640687592675,2.0790591923855812,2.6208332967970667
naive,3.78320293421856,4.45910854649494,2.7435335030342083,-0.882479948870573
mean,3.825367074675804,4.444761090585972,2.7741104332128117,0.8068599526072637
drift,4.623014403998779,5.517185074181797,3.352554732832536,1.6415391483516475
